appsscript	VIEW_ALL_PROJECTS	DOMAIN_ADMIN	APP_SCRIPT 889255070826	503,439
calendar	APP_ADMIN	DELEGATED_ADMIN	CALENDAR 435070579839	931,347
calendar	CALENDAR_RESOURCE	DELEGATED_ADMIN	CALENDAR 435070579839	773,866
calendar	ROOM_INSIGHTS_DASHBOARD_ACCESS	DELEGATED_ADMIN	CALENDAR 435070579839	747,531
calendar	CALENDAR_RESOURCE_READ	DELEGATED_ADMIN	CALENDAR 435070579839	13,184
calendar	ignored-by-authz	DOMAIN_ADMIN	CALENDAR 435070579839	285,104,810
calendar	APP_ADMIN	DOMAIN_ADMIN	CALENDAR 435070579839	6,173,824
calendar	CALENDAR_RESOURCE	DOMAIN_ADMIN	CALENDAR 435070579839	5,946,983
calendar	ROOM_INSIGHTS_DASHBOARD_ACCESS	DOMAIN_ADMIN	CALENDAR 435070579839	5,850,052
calendar	CALENDAR_RESOURCE_READ	DOMAIN_ADMIN	CALENDAR 435070579839	41,618
calendar	APP_ADMIN	RESELLER	CALENDAR 435070579839	78,158
calendar	CALENDAR_RESOURCE	RESELLER	CALENDAR 435070579839	73,358
calendar	ROOM_INSIGHTS_DASHBOARD_ACCESS	RESELLER	CALENDAR 435070579839	58,915
calendar	CALENDAR_RESOURCE_READ	RESELLER	CALENDAR 435070579839	2,855
calendar	APP_ADMIN	ROBOT_ACCOUNT	CALENDAR 435070579839	2,292,267
calendar	CALENDAR_RESOURCE_READ	ROBOT_ACCOUNT	CALENDAR 435070579839	1,973,073
calendar	CALENDAR_RESOURCE	ROBOT_ACCOUNT	CALENDAR 435070579839	20,859
calendar	APP_ADMIN	SUPPORT_USER	CALENDAR 435070579839	103,619
calendar	ROOM_INSIGHTS_DASHBOARD_ACCESS	SUPPORT_USER	CALENDAR 435070579839	67,529
calendar	CALENDAR_RESOURCE_READ	SUPPORT_USER	CALENDAR 435070579839	5,699
chrome	MANAGE_CHROME_APPLICATION_SETTINGS	DELEGATED_ADMIN	CHROME_MANAGEMENT 667484350296	1,716,721
chrome	MANAGE_CHROME_USER_SETTINGS	DELEGATED_ADMIN	CHROME_MANAGEMENT 667484350296	546,151
chrome	MANAGE_CHROME_USER_SETTINGS	DOMAIN_ADMIN	CHROME_MANAGEMENT 667484350296	5,855,026
chrome	MANAGE_CHROME_APPLICATION_SETTINGS	DOMAIN_ADMIN	CHROME_MANAGEMENT 667484350296	5,854,261
chrome_kiosk	MANAGE_KIOSK_DEVICES	DELEGATED_ADMIN	CHROME_KIOSK 108583854672	83,291
chrome_kiosk	MANAGE_KIOSK_DEVICES	SUPPORT_USER	CHROME_KIOSK 108583854672	98,837
chrome_os	MANAGE_DEVICES	DELEGATED_ADMIN	CHROME_OS 381261055880	9,523,979
chrome_os	APP_ADMIN	DELEGATED_ADMIN	CHROME_OS 381261055880	1,053,674
chrome_os	MANAGE_DEVICE_SETTINGS	DELEGATED_ADMIN	CHROME_OS 381261055880	931,937
chrome_os	MANAGE_APPLICATION_SETTINGS	DELEGATED_ADMIN	CHROME_OS 381261055880	556,868
chrome_os	MANAGE_USER_SETTINGS	DELEGATED_ADMIN	CHROME_OS 381261055880	352,219
chrome_os	MANAGE_DEVICES	DOMAIN_ADMIN	CHROME_OS 381261055880	39,248,599
chrome_os	MANAGE_DEVICE_SETTINGS	DOMAIN_ADMIN	CHROME_OS 381261055880	5,942,821
chrome_os	MANAGE_USER_SETTINGS	DOMAIN_ADMIN	CHROME_OS 381261055880	5,937,560
chrome_os	MANAGE_APPLICATION_SETTINGS	DOMAIN_ADMIN	CHROME_OS 381261055880	5,937,533
chrome_os	APP_ADMIN	DOMAIN_ADMIN	CHROME_OS 381261055880	5,931,143
chrome_os	MANAGE_KIOSK_DEVICES	DOMAIN_ADMIN	CHROME_OS 381261055880	179,448
chrome_os	MANAGE_DEVICES	RESELLER	CHROME_OS 381261055880	101,780
chrome_os	MANAGE_USER_SETTINGS	RESELLER	CHROME_OS 381261055880	72,984
chrome_os	MANAGE_APPLICATION_SETTINGS	RESELLER	CHROME_OS 381261055880	72,982
chrome_os	MANAGE_DEVICE_SETTINGS	RESELLER	CHROME_OS 381261055880	72,982
chrome_os	MANAGE_USER_AND_DEVICE_NETWORKS	RESELLER	CHROME_OS 381261055880	1
chrome_os	MANAGE_DEVICE_SHIPMENTS	RESELLER	CHROME_OS 381261055880	1
chrome_os	MANAGE_DEVICES	ROBOT_ACCOUNT	CHROME_OS 381261055880	1,667,654
chrome_os	MANAGE_DEVICE_SETTINGS	ROBOT_ACCOUNT	CHROME_OS 381261055880	5
chrome_os	MANAGE_USER_SETTINGS	ROBOT_ACCOUNT	CHROME_OS 381261055880	4
chrome_os	MANAGE_APPLICATION_SETTINGS	ROBOT_ACCOUNT	CHROME_OS 381261055880	2
chrome_os	MANAGE_DEVICES	SUPPORT_USER	CHROME_OS 381261055880	98,835
chrome_os	MANAGE_APPLICATION_SETTINGS	SUPPORT_USER	CHROME_OS 381261055880	88,659
chrome_os	MANAGE_USER_SETTINGS	SUPPORT_USER	CHROME_OS 381261055880	88,643
chrome_os	MANAGE_DEVICE_SETTINGS	SUPPORT_USER	CHROME_OS 381261055880	88,640
cpanel	ADMIN_REPORTING	DELEGATED_ADMIN	DASHER 207535951991	19,507,962
cpanel	BILLING_READ	DELEGATED_ADMIN	DASHER 207535951991	4,763,628
cpanel	EDIT_SERVICES	DELEGATED_ADMIN	DASHER 207535951991	2,008,568
cpanel	CHANGE_SERVICE_URL	DELEGATED_ADMIN	DASHER 207535951991	1,114,073
cpanel	ADMIN_SUPPORT	DELEGATED_ADMIN	DASHER 207535951991	924,653
cpanel	SECURITY_SETTINGS_READ	DELEGATED_ADMIN	DASHER 207535951991	521,304
cpanel	ADMIN_DOMAIN_SETTINGS	DELEGATED_ADMIN	DASHER 207535951991	343,592
cpanel	DOMAIN_APPEARANCE_SETTINGS_READ	DELEGATED_ADMIN	DASHER 207535951991	340,556
cpanel	GENERAL_DOMAIN_SETTINGS_READ	DELEGATED_ADMIN	DASHER 207535951991	340,553
cpanel	DOMAIN_USER_SETTINGS	DELEGATED_ADMIN	DASHER 207535951991	340,536
cpanel	BILLING_AND_ACCOUNT_INFORMATION	DELEGATED_ADMIN	DASHER 207535951991	340,528
cpanel	DOMAIN_NAMES_SETTINGS	DELEGATED_ADMIN	DASHER 207535951991	340,527
cpanel	BILLING	DELEGATED_ADMIN	DASHER 207535951991	256,977
cpanel	SECURITY_SETTINGS	DELEGATED_ADMIN	DASHER 207535951991	63,494
cpanel	SUPER_USER	DELEGATED_ADMIN	DASHER 207535951991	53,601
cpanel	ADMIN_SERVICE_SETTINGS	DELEGATED_ADMIN	DASHER 207535951991	889
cpanel	VIEW_ORGANIZATIONS	DELEGATED_ADMIN	DASHER 207535951991	502
cpanel	ADVANCED_TOOLS_RAFT	DELEGATED_ADMIN	DASHER 207535951991	474
cpanel	GENERAL_DOMAIN_SETTINGS	DELEGATED_ADMIN	DASHER 207535951991	21
cpanel	ADMIN_REPORTING	DOMAIN_ADMIN	DASHER 207535951991	358,828,175
cpanel	BILLING_READ	DOMAIN_ADMIN	DASHER 207535951991	97,872,331
cpanel	EDIT_SERVICES	DOMAIN_ADMIN	DASHER 207535951991	11,882,340
cpanel	BILLING	DOMAIN_ADMIN	DASHER 207535951991	8,532,173
cpanel	SUPER_USER	DOMAIN_ADMIN	DASHER 207535951991	5,391,107
cpanel	ROOT_APP_ADMIN	DOMAIN_ADMIN	DASHER 207535951991	1,353,829
cpanel	ADMIN_SUPPORT	DOMAIN_ADMIN	DASHER 207535951991	1,192,706
cpanel	SECURITY_SETTINGS	DOMAIN_ADMIN	DASHER 207535951991	449,997
cpanel	SECURITY_SETTINGS_READ	DOMAIN_ADMIN	DASHER 207535951991	188,770
cpanel	ADMIN_DOMAIN_SETTINGS	DOMAIN_ADMIN	DASHER 207535951991	122,988
cpanel	ADMIN_SERVICE_SETTINGS	DOMAIN_ADMIN	DASHER 207535951991	110,606
cpanel	VIEW_ORGANIZATIONS	DOMAIN_ADMIN	DASHER 207535951991	63,116
cpanel	ADVANCED_TOOLS_RAFT	DOMAIN_ADMIN	DASHER 207535951991	41,777
cpanel	GENERAL_DOMAIN_SETTINGS	DOMAIN_ADMIN	DASHER 207535951991	1,375
cpanel	DOMAIN_APPEARANCE_SETTINGS_READ	DOMAIN_ADMIN	DASHER 207535951991	18
cpanel	DOMAIN_USER_SETTINGS	DOMAIN_ADMIN	DASHER 207535951991	18
cpanel	BILLING_AND_ACCOUNT_INFORMATION	DOMAIN_ADMIN	DASHER 207535951991	17
cpanel	DOMAIN_NAMES_SETTINGS	DOMAIN_ADMIN	DASHER 207535951991	16
cpanel	CHANGE_SERVICE_URL	DOMAIN_ADMIN	DASHER 207535951991	15
cpanel	GENERAL_DOMAIN_SETTINGS_READ	DOMAIN_ADMIN	DASHER 207535951991	14
cpanel	APP_ADMIN	DOMAIN_ADMIN	DASHER 207535951991	10
cpanel	ADMIN_REPORTING	RESELLER	DASHER 207535951991	646,570
cpanel	EDIT_SERVICES	RESELLER	DASHER 207535951991	513,944
cpanel	SUPER_USER	RESELLER	DASHER 207535951991	356,778
cpanel	SECURITY_SETTINGS_READ	RESELLER	DASHER 207535951991	337,834
cpanel	DOMAIN_USER_SETTINGS	RESELLER	DASHER 207535951991	335,287
cpanel	GENERAL_DOMAIN_SETTINGS_READ	RESELLER	DASHER 207535951991	335,279
cpanel	CHANGE_SERVICE_URL	RESELLER	DASHER 207535951991	335,275
cpanel	DOMAIN_NAMES_SETTINGS	RESELLER	DASHER 207535951991	335,263
cpanel	DOMAIN_APPEARANCE_SETTINGS_READ	RESELLER	DASHER 207535951991	335,262
cpanel	ADMIN_SUPPORT	RESELLER	DASHER 207535951991	335,247
cpanel	BILLING_READ	RESELLER	DASHER 207535951991	143,067
cpanel	VIEW_ORGANIZATIONS	RESELLER	DASHER 207535951991	17,161
cpanel	BILLING	RESELLER	DASHER 207535951991	13,912
cpanel	SECURITY_SETTINGS	RESELLER	DASHER 207535951991	8,076
cpanel	GENERAL_DOMAIN_SETTINGS	RESELLER	DASHER 207535951991	12
cpanel	BILLING_READ	ROBOT_ACCOUNT	DASHER 207535951991	129,987,355
cpanel	SECURITY_SETTINGS	ROBOT_ACCOUNT	DASHER 207535951991	107,683,674
cpanel	ADMIN_REPORTING	ROBOT_ACCOUNT	DASHER 207535951991	4,727,456
cpanel	BILLING	ROBOT_ACCOUNT	DASHER 207535951991	2,691,738
cpanel	ADMIN_REPORTING	SUPPORT_USER	DASHER 207535951991	1,078,269
cpanel	EDIT_SERVICES	SUPPORT_USER	DASHER 207535951991	723,255
cpanel	SECURITY_SETTINGS_READ	SUPPORT_USER	DASHER 207535951991	507,273
cpanel	ADMIN_DOMAIN_SETTINGS	SUPPORT_USER	DASHER 207535951991	500,147
cpanel	BILLING_AND_ACCOUNT_INFORMATION	SUPPORT_USER	DASHER 207535951991	500,138
cpanel	BILLING_READ	SUPPORT_USER	DASHER 207535951991	481,257
cpanel	SECURITY_SETTINGS	SUPPORT_USER	DASHER 207535951991	16,430
cpanel	VIEW_ORGANIZATIONS	SUPPORT_USER	DASHER 207535951991	4,843
cpanel	ADVANCED_TOOLS_RAFT	SUPPORT_USER	DASHER 207535951991	1,412
dasher_services	GROUPS_RETRIEVE	DELEGATED_ADMIN	DASHER_SERVICES 806895588327	109,673,908
dasher_services	USERS_RETRIEVE	DELEGATED_ADMIN	DASHER_SERVICES 806895588327	99,755,643
dasher_services	ORGS_RETRIEVE	DELEGATED_ADMIN	DASHER_SERVICES 806895588327	12,533,966
dasher_services	GROUPS_UPDATE	DELEGATED_ADMIN	DASHER_SERVICES 806895588327	12,299,817
dasher_services	APPS_SECURITY_3LO_RETRIEVE	DELEGATED_ADMIN	DASHER_SERVICES 806895588327	12,046,626
dasher_services	USERS_RENAME_USER	DELEGATED_ADMIN	DASHER_SERVICES 806895588327	11,631,469
dasher_services	USERS_RESET_PASSWORD_USER	DELEGATED_ADMIN	DASHER_SERVICES 806895588327	4,537,157
dasher_services	USERS_CREATE	DELEGATED_ADMIN	DASHER_SERVICES 806895588327	4,039,063
dasher_services	ROOT_APP_ADMIN	DELEGATED_ADMIN	DASHER_SERVICES 806895588327	3,963,338
dasher_services	USERS_UPDATE	DELEGATED_ADMIN	DASHER_SERVICES 806895588327	2,993,854
dasher_services	USERS_ADD_NICKNAME_USER	DELEGATED_ADMIN	DASHER_SERVICES 806895588327	2,844,842
dasher_services	USERS_SUSPEND_USER	DELEGATED_ADMIN	DASHER_SERVICES 806895588327	2,499,186
dasher_services	APPS_SECURITY_ASP_RETRIEVE	DELEGATED_ADMIN	DASHER_SERVICES 806895588327	2,070,673
dasher_services	USERS_MOVE_USER	DELEGATED_ADMIN	DASHER_SERVICES 806895588327	1,985,050
dasher_services	USERS_FORCE_PASSWORD_CHANGE_USER	DELEGATED_ADMIN	DASHER_SERVICES 806895588327	1,777,613
dasher_services	USERS_DELETE	DELEGATED_ADMIN	DASHER_SERVICES 806895588327	1,540,572
dasher_services	APP_ACCESS_MANAGEMENT	DELEGATED_ADMIN	DASHER_SERVICES 806895588327	948,046
dasher_services	APPS_SECURITY_2SV_BACKUP_CODES_RETRIEVE	DELEGATED_ADMIN	DASHER_SERVICES 806895588327	800,875
dasher_services	APPS_SECURITY_2SV_BACKUP_CODES_UPDATE	DELEGATED_ADMIN	DASHER_SERVICES 806895588327	533,022
dasher_services	APPS_SECURITY_3LO_DELETE	DELEGATED_ADMIN	DASHER_SERVICES 806895588327	522,438
dasher_services	APPS_SECURITY_LOGIN_CHALLENGE_UNBLOCK	DELEGATED_ADMIN	DASHER_SERVICES 806895588327	520,362
dasher_services	APPS_SECURITY_RESET_USER_SESSIONS	DELEGATED_ADMIN	DASHER_SERVICES 806895588327	487,773
dasher_services	APPS_SECURITY_DELETE_SECURITY_KEYS	DELEGATED_ADMIN	DASHER_SERVICES 806895588327	482,371
dasher_services	APPS_SECURITY_MANAGE_SECURITY_KEYS	DELEGATED_ADMIN	DASHER_SERVICES 806895588327	479,042
dasher_services	APPS_SECURITY_ASP_DELETE	DELEGATED_ADMIN	DASHER_SERVICES 806895588327	477,701
dasher_services	DATATRANSFER_RETRIEVE	DELEGATED_ADMIN	DASHER_SERVICES 806895588327	429,991
dasher_services	GROUPS_CREATE	DELEGATED_ADMIN	DASHER_SERVICES 806895588327	423,373
dasher_services	DOMAIN_MANAGEMENT_READ	DELEGATED_ADMIN	DASHER_SERVICES 806895588327	274,515
dasher_services	SCHEMA_RETRIEVE	DELEGATED_ADMIN	DASHER_SERVICES 806895588327	249,008
dasher_services	RETRIEVE_ROLES	DELEGATED_ADMIN	DASHER_SERVICES 806895588327	239,290
dasher_services	DATATRANSFER_CREATE	DELEGATED_ADMIN	DASHER_SERVICES 806895588327	227,336
dasher_services	ORGS_DELETE	DELEGATED_ADMIN	DASHER_SERVICES 806895588327	131,091
dasher_services	APPS_SECURITY_RETRIEVE_SECURITY_KEYS	DELEGATED_ADMIN	DASHER_SERVICES 806895588327	116,945
dasher_services	CUSTOMER_TAKEOUT_API_READ	DELEGATED_ADMIN	DASHER_SERVICES 806895588327	99,570
dasher_services	DOMAIN_REGISTRATION_MANAGEMENT	DELEGATED_ADMIN	DASHER_SERVICES 806895588327	70,037
dasher_services	ORGS_RETRIEVE_PRIVILEGE_GROUP	DELEGATED_ADMIN	DASHER_SERVICES 806895588327	34,725
dasher_services	ORGS_CREATE	DELEGATED_ADMIN	DASHER_SERVICES 806895588327	26,264
dasher_services	GROUPS_DELETE	DELEGATED_ADMIN	DASHER_SERVICES 806895588327	23,481
dasher_services	APPS_SECURITY_2SV_STATUS	DELEGATED_ADMIN	DASHER_SERVICES 806895588327	19,520
dasher_services	USER_INVITE_MANAGEMENT	DELEGATED_ADMIN	DASHER_SERVICES 806895588327	14,803
dasher_services	SCHEMA_MANAGEMENT	DELEGATED_ADMIN	DASHER_SERVICES 806895588327	9,871
dasher_services	ORGS_UPDATE	DELEGATED_ADMIN	DASHER_SERVICES 806895588327	8,216
dasher_services	DELETE_CONSUMER_CONVERSION	DELEGATED_ADMIN	DASHER_SERVICES 806895588327	7,997
dasher_services	DOMAIN_MANAGEMENT	DELEGATED_ADMIN	DASHER_SERVICES 806895588327	7,409
dasher_services	DATATRANSFER_API_PRIVILEGE_GROUP	DELEGATED_ADMIN	DASHER_SERVICES 806895588327	3,712
dasher_services	MANAGE_ROLE_ASSIGNMENTS	DELEGATED_ADMIN	DASHER_SERVICES 806895588327	3,306
dasher_services	USERS_UNDELETE	DELEGATED_ADMIN	DASHER_SERVICES 806895588327	2,208
dasher_services	MANAGE_TWO_STEP_VERIFICATION_POLICY	DELEGATED_ADMIN	DASHER_SERVICES 806895588327	1,771
dasher_services	SAML2_SERVICE_PROVIDER	DELEGATED_ADMIN	DASHER_SERVICES 806895588327	1,452
dasher_services	CS_RETRIEVE_CERTIFICATE	DELEGATED_ADMIN	DASHER_SERVICES 806895588327	946
dasher_services	READ_LONGRUNNING_OPERATION_STATUS	DELEGATED_ADMIN	DASHER_SERVICES 806895588327	841
dasher_services	USERS_CHANGE_ADMIN_STATUS	DELEGATED_ADMIN	DASHER_SERVICES 806895588327	689
dasher_services	THIRD_PARTY_USER_IMPERSONATION_SETTINGS_PROTO	DELEGATED_ADMIN	DASHER_SERVICES 806895588327	487
dasher_services	INSIGHT_CARDS_READ	DELEGATED_ADMIN	DASHER_SERVICES 806895588327	151
dasher_services	CS_GENERATE_CERTIFICATE	DELEGATED_ADMIN	DASHER_SERVICES 806895588327	130
dasher_services	MANAGE_ROLES	DELEGATED_ADMIN	DASHER_SERVICES 806895588327	121
dasher_services	UPGRADE_CONSUMER_CONVERSION	DELEGATED_ADMIN	DASHER_SERVICES 806895588327	111
dasher_services	GENERATE_EPIN	DELEGATED_ADMIN	DASHER_SERVICES 806895588327	29
dasher_services	LDAP_MANAGEMENT_READ	DELEGATED_ADMIN	DASHER_SERVICES 806895588327	24
dasher_services	LDAP_MANAGEMENT_CREATE	DELEGATED_ADMIN	DASHER_SERVICES 806895588327	8
dasher_services	ACCEPT_DAR_INVITE	DELEGATED_ADMIN	DASHER_SERVICES 806895588327	7
dasher_services	CUSTOMER_TAKEOUT_API_WRITE	DELEGATED_ADMIN	DASHER_SERVICES 806895588327	6
dasher_services	LDAP_MANAGEMENT_UPDATE	DELEGATED_ADMIN	DASHER_SERVICES 806895588327	2
dasher_services	CS_DELETE_CERTIFICATE	DELEGATED_ADMIN	DASHER_SERVICES 806895588327	2
dasher_services	LDAP_MANAGEMENT_DELETE	DELEGATED_ADMIN	DASHER_SERVICES 806895588327	2
dasher_services	USERS_RETRIEVE	DOMAIN_ADMIN	DASHER_SERVICES 806895588327	836,336,534
dasher_services	GROUPS_RETRIEVE	DOMAIN_ADMIN	DASHER_SERVICES 806895588327	761,683,381
dasher_services	USERS_RENAME_USER	DOMAIN_ADMIN	DASHER_SERVICES 806895588327	423,190,112
dasher_services	GROUPS_UPDATE	DOMAIN_ADMIN	DASHER_SERVICES 806895588327	280,713,177
dasher_services	ROOT_APP_ADMIN	DOMAIN_ADMIN	DASHER_SERVICES 806895588327	175,349,178
dasher_services	APPS_SECURITY_3LO_RETRIEVE	DOMAIN_ADMIN	DASHER_SERVICES 806895588327	170,800,958
dasher_services	APPS_SECURITY_ASP_RETRIEVE	DOMAIN_ADMIN	DASHER_SERVICES 806895588327	69,670,538
dasher_services	USERS_RESET_PASSWORD_USER	DOMAIN_ADMIN	DASHER_SERVICES 806895588327	63,526,714
dasher_services	ORGS_RETRIEVE	DOMAIN_ADMIN	DASHER_SERVICES 806895588327	59,604,460
dasher_services	USERS_CREATE	DOMAIN_ADMIN	DASHER_SERVICES 806895588327	37,701,334
dasher_services	LICENSING_READ	DOMAIN_ADMIN	DASHER_SERVICES 806895588327	23,840,170
dasher_services	RETRIEVE_ROLES	DOMAIN_ADMIN	DASHER_SERVICES 806895588327	17,213,110
dasher_services	USERS_ADD_NICKNAME_USER	DOMAIN_ADMIN	DASHER_SERVICES 806895588327	15,170,141
dasher_services	USERS_UPDATE	DOMAIN_ADMIN	DASHER_SERVICES 806895588327	11,306,291
dasher_services	USERS_MOVE_USER	DOMAIN_ADMIN	DASHER_SERVICES 806895588327	8,952,113
dasher_services	DATATRANSFER_RETRIEVE	DOMAIN_ADMIN	DASHER_SERVICES 806895588327	5,862,252
dasher_services	API_APPS_ENTERPRISE_NOTIFICATIONS	DOMAIN_ADMIN	DASHER_SERVICES 806895588327	5,275,201
dasher_services	USERS_SUSPEND_USER	DOMAIN_ADMIN	DASHER_SERVICES 806895588327	5,206,902
dasher_services	CUSTOMER_TAKEOUT_API_READ	DOMAIN_ADMIN	DASHER_SERVICES 806895588327	4,915,204
dasher_services	DOMAIN_MANAGEMENT_READ	DOMAIN_ADMIN	DASHER_SERVICES 806895588327	4,909,420
dasher_services	SCHEMA_RETRIEVE	DOMAIN_ADMIN	DASHER_SERVICES 806895588327	4,722,522
dasher_services	USERS_DELETE	DOMAIN_ADMIN	DASHER_SERVICES 806895588327	4,567,153
dasher_services	GROUPS_CREATE	DOMAIN_ADMIN	DASHER_SERVICES 806895588327	4,536,041
dasher_services	LICENSING	DOMAIN_ADMIN	DASHER_SERVICES 806895588327	4,264,672
dasher_services	READ_LONGRUNNING_OPERATION_STATUS	DOMAIN_ADMIN	DASHER_SERVICES 806895588327	3,719,226
dasher_services	ignored-by-authz	DOMAIN_ADMIN	DASHER_SERVICES 806895588327	3,153,659
dasher_services	USERS_FORCE_PASSWORD_CHANGE_USER	DOMAIN_ADMIN	DASHER_SERVICES 806895588327	3,139,490
dasher_services	ORGS_DELETE	DOMAIN_ADMIN	DASHER_SERVICES 806895588327	2,752,380
dasher_services	APPS_SECURITY_2SV_BACKUP_CODES_RETRIEVE	DOMAIN_ADMIN	DASHER_SERVICES 806895588327	2,258,851
dasher_services	APPS_SECURITY_2SV_STATUS	DOMAIN_ADMIN	DASHER_SERVICES 806895588327	2,078,795
dasher_services	DATATRANSFER_CREATE	DOMAIN_ADMIN	DASHER_SERVICES 806895588327	1,628,610
dasher_services	DOMAIN_REGISTRATION_MANAGEMENT	DOMAIN_ADMIN	DASHER_SERVICES 806895588327	1,275,011
dasher_services	USER_INVITE_MANAGEMENT	DOMAIN_ADMIN	DASHER_SERVICES 806895588327	1,126,612
dasher_services	GROUPS_DELETE	DOMAIN_ADMIN	DASHER_SERVICES 806895588327	827,267
dasher_services	DELETE_CONSUMER_CONVERSION	DOMAIN_ADMIN	DASHER_SERVICES 806895588327	777,604
dasher_services	APPS_SECURITY_3LO_DELETE	DOMAIN_ADMIN	DASHER_SERVICES 806895588327	765,984
dasher_services	API_APPS_ENTERPRISE_CUSTOMER_READ	DOMAIN_ADMIN	DASHER_SERVICES 806895588327	732,779
dasher_services	APPS_SECURITY_RETRIEVE_SECURITY_KEYS	DOMAIN_ADMIN	DASHER_SERVICES 806895588327	554,050
dasher_services	ORGS_CREATE	DOMAIN_ADMIN	DASHER_SERVICES 806895588327	434,874
dasher_services	DATATRANSFER_API_PRIVILEGE_GROUP	DOMAIN_ADMIN	DASHER_SERVICES 806895588327	359,316
dasher_services	INSIGHT_CARDS_READ	DOMAIN_ADMIN	DASHER_SERVICES 806895588327	303,162
dasher_services	DOMAIN_MANAGEMENT	DOMAIN_ADMIN	DASHER_SERVICES 806895588327	228,287
dasher_services	MANAGE_TWO_STEP_VERIFICATION_POLICY	DOMAIN_ADMIN	DASHER_SERVICES 806895588327	224,872
dasher_services	ORGS_UPDATE	DOMAIN_ADMIN	DASHER_SERVICES 806895588327	217,980
dasher_services	APPS_SECURITY_2SV_BACKUP_CODES_UPDATE	DOMAIN_ADMIN	DASHER_SERVICES 806895588327	169,451
dasher_services	MANAGE_ROLE_ASSIGNMENTS	DOMAIN_ADMIN	DASHER_SERVICES 806895588327	148,389
dasher_services	USERS_CHANGE_ADMIN_STATUS	DOMAIN_ADMIN	DASHER_SERVICES 806895588327	147,026
dasher_services	SAML2_SERVICE_PROVIDER	DOMAIN_ADMIN	DASHER_SERVICES 806895588327	128,108
dasher_services	ORGS_RETRIEVE_PRIVILEGE_GROUP	DOMAIN_ADMIN	DASHER_SERVICES 806895588327	126,398
dasher_services	CS_RETRIEVE_CERTIFICATE	DOMAIN_ADMIN	DASHER_SERVICES 806895588327	86,712
dasher_services	USERS_UNDELETE	DOMAIN_ADMIN	DASHER_SERVICES 806895588327	84,892
dasher_services	APPS_SECURITY_LOGIN_CHALLENGE_UNBLOCK	DOMAIN_ADMIN	DASHER_SERVICES 806895588327	50,049
dasher_services	THIRD_PARTY_USER_IMPERSONATION_SETTINGS_PROTO	DOMAIN_ADMIN	DASHER_SERVICES 806895588327	44,722
dasher_services	API_APPS_ENTERPRISE_DOMAIN_DELETE	DOMAIN_ADMIN	DASHER_SERVICES 806895588327	32,367
dasher_services	APPS_SECURITY_RESET_USER_SESSIONS	DOMAIN_ADMIN	DASHER_SERVICES 806895588327	30,879
dasher_services	APPS_SECURITY_DELETE_SECURITY_KEYS	DOMAIN_ADMIN	DASHER_SERVICES 806895588327	23,092
dasher_services	API_APPS_ENTERPRISE_CUSTOMER_DELETE	DOMAIN_ADMIN	DASHER_SERVICES 806895588327	15,129
dasher_services	API_APPS_ENTERPRISE_CUSTOMER	DOMAIN_ADMIN	DASHER_SERVICES 806895588327	14,231
dasher_services	CS_GENERATE_CERTIFICATE	DOMAIN_ADMIN	DASHER_SERVICES 806895588327	12,952
dasher_services	SCHEMA_MANAGEMENT	DOMAIN_ADMIN	DASHER_SERVICES 806895588327	11,770
dasher_services	APPS_SECURITY_MANAGE_SECURITY_KEYS	DOMAIN_ADMIN	DASHER_SERVICES 806895588327	9,516
dasher_services	APPS_SECURITY_ASP_DELETE	DOMAIN_ADMIN	DASHER_SERVICES 806895588327	9,421
dasher_services	API_APPS_ENTERPRISE_DOMAIN	DOMAIN_ADMIN	DASHER_SERVICES 806895588327	9,316
dasher_services	MANAGE_ROLES	DOMAIN_ADMIN	DASHER_SERVICES 806895588327	7,221
dasher_services	ACCEPT_DAR_INVITE	DOMAIN_ADMIN	DASHER_SERVICES 806895588327	1,353
dasher_services	LDAP_MANAGEMENT_READ	DOMAIN_ADMIN	DASHER_SERVICES 806895588327	763
dasher_services	RULE_MANAGEMENT	DOMAIN_ADMIN	DASHER_SERVICES 806895588327	632
dasher_services	CUSTOMER_TAKEOUT_API_WRITE	DOMAIN_ADMIN	DASHER_SERVICES 806895588327	385
dasher_services	CS_DELETE_CERTIFICATE	DOMAIN_ADMIN	DASHER_SERVICES 806895588327	358
dasher_services	LDAP_MANAGEMENT_CREATE	DOMAIN_ADMIN	DASHER_SERVICES 806895588327	166
dasher_services	LDAP_MANAGEMENT_UPDATE	DOMAIN_ADMIN	DASHER_SERVICES 806895588327	140
dasher_services	LDAP_MANAGEMENT_DELETE	DOMAIN_ADMIN	DASHER_SERVICES 806895588327	131
dasher_services	USERS_UNSUSPEND_FOR_ABUSE	DOMAIN_ADMIN	DASHER_SERVICES 806895588327	125
dasher_services	APP_ACCESS_MANAGEMENT	DOMAIN_ADMIN	DASHER_SERVICES 806895588327	12
dasher_services	CUSTOMER_CONVERSION_WRITE	DOMAIN_ADMIN	DASHER_SERVICES 806895588327	7
dasher_services	MANAGE_SYSTEM_ROLES	DOMAIN_ADMIN	DASHER_SERVICES 806895588327	6
dasher_services	USERS_RETRIEVE_PRIVILEGE_GROUP	DOMAIN_ADMIN	DASHER_SERVICES 806895588327	3
dasher_services	USERS_RETRIEVE	RESELLER	DASHER_SERVICES 806895588327	5,974,224
dasher_services	USERS_CREATE	RESELLER	DASHER_SERVICES 806895588327	2,519,349
dasher_services	ORGS_RETRIEVE	RESELLER	DASHER_SERVICES 806895588327	717,213
dasher_services	GROUPS_RETRIEVE	RESELLER	DASHER_SERVICES 806895588327	640,568
dasher_services	RETRIEVE_ROLES	RESELLER	DASHER_SERVICES 806895588327	608,485
dasher_services	USERS_RENAME_USER	RESELLER	DASHER_SERVICES 806895588327	498,578
dasher_services	GROUPS_UPDATE	RESELLER	DASHER_SERVICES 806895588327	436,932
dasher_services	USERS_UPDATE	RESELLER	DASHER_SERVICES 806895588327	392,254
dasher_services	USERS_RESET_PASSWORD_USER	RESELLER	DASHER_SERVICES 806895588327	388,468
dasher_services	USERS_SUSPEND_USER	RESELLER	DASHER_SERVICES 806895588327	324,596
dasher_services	USERS_DELETE	RESELLER	DASHER_SERVICES 806895588327	304,471
dasher_services	USERS_MOVE_USER	RESELLER	DASHER_SERVICES 806895588327	292,243
dasher_services	USERS_UNDELETE	RESELLER	DASHER_SERVICES 806895588327	288,571
dasher_services	MANAGE_ROLES	RESELLER	DASHER_SERVICES 806895588327	141,568
dasher_services	USERS_ADD_NICKNAME_USER	RESELLER	DASHER_SERVICES 806895588327	133,897
dasher_services	USERS_FORCE_PASSWORD_CHANGE_USER	RESELLER	DASHER_SERVICES 806895588327	115,978
dasher_services	DOMAIN_MANAGEMENT_READ	RESELLER	DASHER_SERVICES 806895588327	108,550
dasher_services	APPS_SECURITY_2SV_STATUS	RESELLER	DASHER_SERVICES 806895588327	82,191
dasher_services	READ_LONGRUNNING_OPERATION_STATUS	RESELLER	DASHER_SERVICES 806895588327	78,706
dasher_services	DATATRANSFER_RETRIEVE	RESELLER	DASHER_SERVICES 806895588327	65,648
dasher_services	SCHEMA_MANAGEMENT	RESELLER	DASHER_SERVICES 806895588327	48,645
dasher_services	USERS_CHANGE_ADMIN_STATUS	RESELLER	DASHER_SERVICES 806895588327	48,103
dasher_services	MANAGE_ROLE_ASSIGNMENTS	RESELLER	DASHER_SERVICES 806895588327	47,847
dasher_services	API_APPS_ENTERPRISE_CUSTOMER	RESELLER	DASHER_SERVICES 806895588327	45,122
dasher_services	APPS_SECURITY_2SV_BACKUP_CODES_RETRIEVE	RESELLER	DASHER_SERVICES 806895588327	41,636
dasher_services	API_APPS_ENTERPRISE_NOTIFICATIONS	RESELLER	DASHER_SERVICES 806895588327	40,806
dasher_services	DATATRANSFER_CREATE	RESELLER	DASHER_SERVICES 806895588327	39,639
dasher_services	APPS_SECURITY_2SV_BACKUP_CODES_UPDATE	RESELLER	DASHER_SERVICES 806895588327	32,604
dasher_services	APPS_SECURITY_LOGIN_CHALLENGE_UNBLOCK	RESELLER	DASHER_SERVICES 806895588327	32,089
dasher_services	API_APPS_ENTERPRISE_CUSTOMER_READ	RESELLER	DASHER_SERVICES 806895588327	18,220
dasher_services	USER_INVITE_MANAGEMENT	RESELLER	DASHER_SERVICES 806895588327	14,679
dasher_services	SCHEMA_RETRIEVE	RESELLER	DASHER_SERVICES 806895588327	7,999
dasher_services	THIRD_PARTY_USER_IMPERSONATION_SETTINGS_PROTO	RESELLER	DASHER_SERVICES 806895588327	3,112
dasher_services	MANAGE_TWO_STEP_VERIFICATION_POLICY	RESELLER	DASHER_SERVICES 806895588327	3,085
dasher_services	DATATRANSFER_API_PRIVILEGE_GROUP	RESELLER	DASHER_SERVICES 806895588327	2,136
dasher_services	GROUPS_CREATE	RESELLER	DASHER_SERVICES 806895588327	1,505
dasher_services	INSIGHT_CARDS_READ	RESELLER	DASHER_SERVICES 806895588327	1,253
dasher_services	DOMAIN_MANAGEMENT	RESELLER	DASHER_SERVICES 806895588327	1,143
dasher_services	ORGS_RETRIEVE_PRIVILEGE_GROUP	RESELLER	DASHER_SERVICES 806895588327	594
dasher_services	GENERATE_EPIN	RESELLER	DASHER_SERVICES 806895588327	495
dasher_services	ORGS_CREATE	RESELLER	DASHER_SERVICES 806895588327	484
dasher_services	SAML2_SERVICE_PROVIDER	RESELLER	DASHER_SERVICES 806895588327	452
dasher_services	GROUPS_DELETE	RESELLER	DASHER_SERVICES 806895588327	379
dasher_services	CS_RETRIEVE_CERTIFICATE	RESELLER	DASHER_SERVICES 806895588327	356
dasher_services	API_APPS_ENTERPRISE_DOMAIN	RESELLER	DASHER_SERVICES 806895588327	330
dasher_services	ORGS_UPDATE	RESELLER	DASHER_SERVICES 806895588327	112
dasher_services	CS_GENERATE_CERTIFICATE	RESELLER	DASHER_SERVICES 806895588327	76
dasher_services	ORGS_DELETE	RESELLER	DASHER_SERVICES 806895588327	40
dasher_services	API_APPS_ENTERPRISE_DOMAIN_READONLY	ROBOT_ACCOUNT	DASHER_SERVICES 806895588327	234,032,405
dasher_services	API_APPS_ENTERPRISE_CUSTOMER_READ	ROBOT_ACCOUNT	DASHER_SERVICES 806895588327	111,680,356
dasher_services	RETRIEVE_ROLES	ROBOT_ACCOUNT	DASHER_SERVICES 806895588327	84,865,188
dasher_services	USERS_RETRIEVE	ROBOT_ACCOUNT	DASHER_SERVICES 806895588327	34,873,823
dasher_services	DOMAIN_MANAGEMENT_READ	ROBOT_ACCOUNT	DASHER_SERVICES 806895588327	8,828,676
dasher_services	CONSUMER_CONVERSION_PROGRESS_READ	ROBOT_ACCOUNT	DASHER_SERVICES 806895588327	5,650,940
dasher_services	API_APPS_ENTERPRISE_CUSTOMER_DELETE	ROBOT_ACCOUNT	DASHER_SERVICES 806895588327	2,210,130
dasher_services	ORGS_RETRIEVE	ROBOT_ACCOUNT	DASHER_SERVICES 806895588327	2,039,626
dasher_services	GROUPS_RETRIEVE	ROBOT_ACCOUNT	DASHER_SERVICES 806895588327	1,683,936
dasher_services	USER_INVITE_DELETE	ROBOT_ACCOUNT	DASHER_SERVICES 806895588327	1,331,652
dasher_services	API_APPS_ENTERPRISE_DOMAIN	ROBOT_ACCOUNT	DASHER_SERVICES 806895588327	1,282,604
dasher_services	USERS_DELETE	ROBOT_ACCOUNT	DASHER_SERVICES 806895588327	757,669
dasher_services	USERS_SUSPEND_FOR_ABUSE	ROBOT_ACCOUNT	DASHER_SERVICES 806895588327	583,577
dasher_services	API_APPS_ENTERPRISE_DOMAIN_DELETE	ROBOT_ACCOUNT	DASHER_SERVICES 806895588327	550,513
dasher_services	SCHEMA_RETRIEVE	ROBOT_ACCOUNT	DASHER_SERVICES 806895588327	474,347
dasher_services	SAML2_SERVICE_PROVIDER	ROBOT_ACCOUNT	DASHER_SERVICES 806895588327	417,472
dasher_services	USERS_UPDATE	ROBOT_ACCOUNT	DASHER_SERVICES 806895588327	294,428
dasher_services	GROUPS_DELETE	ROBOT_ACCOUNT	DASHER_SERVICES 806895588327	290,559
dasher_services	USERS_RENAME_USER	ROBOT_ACCOUNT	DASHER_SERVICES 806895588327	271,820
dasher_services	API_APPS_ENTERPRISE_CUSTOMER	ROBOT_ACCOUNT	DASHER_SERVICES 806895588327	207,548
dasher_services	DOMAIN_MANAGEMENT	ROBOT_ACCOUNT	DASHER_SERVICES 806895588327	207,433
dasher_services	USERS_CREATE	ROBOT_ACCOUNT	DASHER_SERVICES 806895588327	189,552
dasher_services	MANAGE_ROLE_ASSIGNMENTS	ROBOT_ACCOUNT	DASHER_SERVICES 806895588327	177,835
dasher_services	USERS_CHANGE_ADMIN_STATUS	ROBOT_ACCOUNT	DASHER_SERVICES 806895588327	170,348
dasher_services	USERS_RESET_PASSWORD_USER	ROBOT_ACCOUNT	DASHER_SERVICES 806895588327	123,871
dasher_services	USER_INVITE_CREATE	ROBOT_ACCOUNT	DASHER_SERVICES 806895588327	104,833
dasher_services	DELETE_CONSUMER_CONVERSION	ROBOT_ACCOUNT	DASHER_SERVICES 806895588327	99,573
dasher_services	API_APPS_ENTERPRISE_DOMAIN_TAKEOVER	ROBOT_ACCOUNT	DASHER_SERVICES 806895588327	73,555
dasher_services	APPS_SECURITY_3LO_DELETE	ROBOT_ACCOUNT	DASHER_SERVICES 806895588327	34,018
dasher_services	APPS_SECURITY_ASP_RETRIEVE	ROBOT_ACCOUNT	DASHER_SERVICES 806895588327	23,404
dasher_services	MANAGE_TWO_STEP_VERIFICATION_POLICY	ROBOT_ACCOUNT	DASHER_SERVICES 806895588327	16,728
dasher_services	USERS_UNSUSPEND_FOR_ABUSE	ROBOT_ACCOUNT	DASHER_SERVICES 806895588327	16,708
dasher_services	APPS_SECURITY_3LO_RETRIEVE	ROBOT_ACCOUNT	DASHER_SERVICES 806895588327	11,705
dasher_services	USERS_FORCE_PASSWORD_CHANGE_USER	ROBOT_ACCOUNT	DASHER_SERVICES 806895588327	5,516
dasher_services	MANAGE_SYSTEM_ROLES	ROBOT_ACCOUNT	DASHER_SERVICES 806895588327	4,097
dasher_services	USERS_CHANGE_CUSTOMER	ROBOT_ACCOUNT	DASHER_SERVICES 806895588327	3,400
dasher_services	USER_INVITE_MANAGEMENT	ROBOT_ACCOUNT	DASHER_SERVICES 806895588327	1,777
dasher_services	CS_SIGN_MESSAGE	ROBOT_ACCOUNT	DASHER_SERVICES 806895588327	1,700
dasher_services	MANAGE_ROLES	ROBOT_ACCOUNT	DASHER_SERVICES 806895588327	1,330
dasher_services	USERS_ADD_NICKNAME_USER	ROBOT_ACCOUNT	DASHER_SERVICES 806895588327	1,249
dasher_services	APPS_SECURITY_ASP_DELETE	ROBOT_ACCOUNT	DASHER_SERVICES 806895588327	1,160
dasher_services	GROUPS_UPDATE	ROBOT_ACCOUNT	DASHER_SERVICES 806895588327	1,123
dasher_services	USERS_SUSPEND_USER	ROBOT_ACCOUNT	DASHER_SERVICES 806895588327	885
dasher_services	USERS_UNDELETE	ROBOT_ACCOUNT	DASHER_SERVICES 806895588327	641
dasher_services	USERS_MOVE_USER	ROBOT_ACCOUNT	DASHER_SERVICES 806895588327	559
dasher_services	SCHEMA_MANAGEMENT	ROBOT_ACCOUNT	DASHER_SERVICES 806895588327	82
dasher_services	CS_DECRYPT_MESSAGE	ROBOT_ACCOUNT	DASHER_SERVICES 806895588327	78
dasher_services	GROUPS_CHANGE_CUSTOMER	ROBOT_ACCOUNT	DASHER_SERVICES 806895588327	22
dasher_services	APPS_SECURITY_2SV_BACKUP_CODES_UPDATE	ROBOT_ACCOUNT	DASHER_SERVICES 806895588327	19
dasher_services	APPS_SECURITY_2SV_BACKUP_CODES_RETRIEVE	ROBOT_ACCOUNT	DASHER_SERVICES 806895588327	19
dasher_services	LDAP_MANAGEMENT_READ	ROBOT_ACCOUNT	DASHER_SERVICES 806895588327	16
dasher_services	APP_ACCESS_MANAGEMENT	ROBOT_ACCOUNT	DASHER_SERVICES 806895588327	14
dasher_services	ORGS_CREATE	ROBOT_ACCOUNT	DASHER_SERVICES 806895588327	9
dasher_services	APPS_SECURITY_RESET_USER_SESSIONS	ROBOT_ACCOUNT	DASHER_SERVICES 806895588327	7
dasher_services	THIRD_PARTY_USER_IMPERSONATION_SETTINGS_PROTO	ROBOT_ACCOUNT	DASHER_SERVICES 806895588327	7
dasher_services	APPS_SECURITY_MANAGE_SECURITY_KEYS	ROBOT_ACCOUNT	DASHER_SERVICES 806895588327	7
dasher_services	APPS_SECURITY_DELETE_SECURITY_KEYS	ROBOT_ACCOUNT	DASHER_SERVICES 806895588327	7
dasher_services	APPS_SECURITY_LOGIN_CHALLENGE_UNBLOCK	ROBOT_ACCOUNT	DASHER_SERVICES 806895588327	7
dasher_services	DATATRANSFER_CREATE	ROBOT_ACCOUNT	DASHER_SERVICES 806895588327	4
dasher_services	USERS_RETRIEVE	SUPPORT_USER	DASHER_SERVICES 806895588327	1,264,337
dasher_services	GROUPS_RETRIEVE	SUPPORT_USER	DASHER_SERVICES 806895588327	818,923
dasher_services	RETRIEVE_ROLES	SUPPORT_USER	DASHER_SERVICES 806895588327	703,813
dasher_services	ORGS_RETRIEVE	SUPPORT_USER	DASHER_SERVICES 806895588327	293,462
dasher_services	DATATRANSFER_RETRIEVE	SUPPORT_USER	DASHER_SERVICES 806895588327	148,906
dasher_services	CUSTOMER_TAKEOUT_API_READ	SUPPORT_USER	DASHER_SERVICES 806895588327	130,074
dasher_services	DOMAIN_MANAGEMENT_READ	SUPPORT_USER	DASHER_SERVICES 806895588327	29,032
dasher_services	SCHEMA_RETRIEVE	SUPPORT_USER	DASHER_SERVICES 806895588327	8,660
dasher_services	API_APPS_ENTERPRISE_CUSTOMER_READ	SUPPORT_USER	DASHER_SERVICES 806895588327	8,437
dasher_services	MANAGE_TWO_STEP_VERIFICATION_POLICY	SUPPORT_USER	DASHER_SERVICES 806895588327	5,493
dasher_services	SAML2_SERVICE_PROVIDER	SUPPORT_USER	DASHER_SERVICES 806895588327	1,600
dasher_services	CS_RETRIEVE_CERTIFICATE	SUPPORT_USER	DASHER_SERVICES 806895588327	1,195
dasher_services	READ_LONGRUNNING_OPERATION_STATUS	SUPPORT_USER	DASHER_SERVICES 806895588327	810
dasher_services	INSIGHT_CARDS_READ	SUPPORT_USER	DASHER_SERVICES 806895588327	291
dasher_services	CUSTOMER_TAKEOUT_API_GOOGLE_SUPPORT	SUPPORT_USER	DASHER_SERVICES 806895588327	12
dasher-ldap	LDAP_PASSWORD_REBIND_READONLY	DELEGATED_ADMIN	DASHER_LDAP 463648195496	500
directory	APP_ADMIN	DELEGATED_ADMIN	DIRECTORY 986128716205	327,070
directory	DIRECTORY_SETTINGS_READONLY	DELEGATED_ADMIN	DIRECTORY 986128716205	2,166
directory	APP_ADMIN	DOMAIN_ADMIN	DIRECTORY 986128716205	2,833,313
directory	DIRECTORY_SETTINGS_READONLY	DOMAIN_ADMIN	DIRECTORY 986128716205	14,907
directory	APP_ADMIN	RESELLER	DIRECTORY 986128716205	41,979
directory	APP_ADMIN	ROBOT_ACCOUNT	DIRECTORY 986128716205	7
directory	APP_ADMIN	SUPPORT_USER	DIRECTORY 986128716205	53,341
directory	DIRECTORY_SETTINGS_READONLY	SUPPORT_USER	DIRECTORY 986128716205	871
docs	MIGRATE_TO_TEAM_DRIVE	DELEGATED_ADMIN	WRITELY 55656082996	13,545,914
docs	APPS_TEAM_DRIVES_ADMIN	DELEGATED_ADMIN	WRITELY 55656082996	2,681,441
docs	APP_ADMIN	DELEGATED_ADMIN	WRITELY 55656082996	1,861,607
docs	DOCS_TEMPLATE_ADMIN	DELEGATED_ADMIN	WRITELY 55656082996	629,064
docs	VIEW_SITE_DETAILS	DELEGATED_ADMIN	WRITELY 55656082996	56,162
docs	DRIVE_UPDATE_DELETE	DELEGATED_ADMIN	WRITELY 55656082996	26,838
docs	MANAGE_DRIVE_SETTINGS	DELEGATED_ADMIN	WRITELY 55656082996	1
docs	MIGRATE_TO_TEAM_DRIVE	DOMAIN_ADMIN	WRITELY 55656082996	208,051,719
docs	APP_ADMIN	DOMAIN_ADMIN	WRITELY 55656082996	9,816,757
docs	DOCS_TEMPLATE_ADMIN	DOMAIN_ADMIN	WRITELY 55656082996	5,250,943
docs	APPS_TEAM_DRIVES_ADMIN	DOMAIN_ADMIN	WRITELY 55656082996	3,121,674
docs	VIEW_SITE_DETAILS	DOMAIN_ADMIN	WRITELY 55656082996	730,336
docs	DRIVE_UPDATE_DELETE	DOMAIN_ADMIN	WRITELY 55656082996	655,860
docs	WRITE_APPS_METADATA_SCHEMAS	DOMAIN_ADMIN	WRITELY 55656082996	95
docs	MANAGE_DRIVE_SETTINGS	DOMAIN_ADMIN	WRITELY 55656082996	91
docs	APP_ADMIN	RESELLER	WRITELY 55656082996	135,954
docs	APP_ADMIN	ROBOT_ACCOUNT	WRITELY 55656082996	2,059,991
docs	DRIVE_UPDATE_DELETE	ROBOT_ACCOUNT	WRITELY 55656082996	50,267
docs	APPS_TEAM_DRIVES_ADMIN	ROBOT_ACCOUNT	WRITELY 55656082996	15,417
docs	APP_ADMIN	SUPPORT_USER	WRITELY 55656082996	161,354
dpanel	ANDROID_KIOSK_SETTINGS	DELEGATED_ADMIN	DEVICE_MANAGEMENT_PANEL 124957340931	178
dpanel	ANDROID_KIOSK_SETTINGS_READONLY	DELEGATED_ADMIN	DEVICE_MANAGEMENT_PANEL 124957340931	163
dpanel	ANDROID_KIOSK_DEVICES_READONLY	DELEGATED_ADMIN	DEVICE_MANAGEMENT_PANEL 124957340931	93
dpanel	ANDROID_KIOSK_DEVICES	DELEGATED_ADMIN	DEVICE_MANAGEMENT_PANEL 124957340931	91
dpanel	DEVICE_MANAGEMENT_NETWORKS	DELEGATED_ADMIN	DEVICE_MANAGEMENT_PANEL 124957340931	16
dpanel	DEVICE_MANAGEMENT_NETWORKS_READONLY	DELEGATED_ADMIN	DEVICE_MANAGEMENT_PANEL 124957340931	14
dpanel	ANDROID_KIOSK_APPLICATIONS_READONLY	DELEGATED_ADMIN	DEVICE_MANAGEMENT_PANEL 124957340931	9
dpanel	ANDROID_KIOSK_APPLICATIONS	DELEGATED_ADMIN	DEVICE_MANAGEMENT_PANEL 124957340931	8
dpanel	ANDROID_KIOSK_SETTINGS_READONLY	DOMAIN_ADMIN	DEVICE_MANAGEMENT_PANEL 124957340931	86,714
dpanel	ANDROID_KIOSK_SETTINGS	DOMAIN_ADMIN	DEVICE_MANAGEMENT_PANEL 124957340931	50,322
dpanel	ANDROID_KIOSK_DEVICES_READONLY	DOMAIN_ADMIN	DEVICE_MANAGEMENT_PANEL 124957340931	48,804
dpanel	ANDROID_KIOSK_DEVICES	DOMAIN_ADMIN	DEVICE_MANAGEMENT_PANEL 124957340931	20,852
dpanel	DEVICE_MANAGEMENT_NETWORKS_READONLY	DOMAIN_ADMIN	DEVICE_MANAGEMENT_PANEL 124957340931	5,276
dpanel	DEVICE_MANAGEMENT_NETWORKS	DOMAIN_ADMIN	DEVICE_MANAGEMENT_PANEL 124957340931	5,274
dpanel	ANDROID_KIOSK_APPLICATIONS_READONLY	DOMAIN_ADMIN	DEVICE_MANAGEMENT_PANEL 124957340931	4,903
dpanel	ANDROID_KIOSK_APPLICATIONS	DOMAIN_ADMIN	DEVICE_MANAGEMENT_PANEL 124957340931	2,411
dpanel	ANDROID_KIOSK_REPORTING_READONLY	DOMAIN_ADMIN	DEVICE_MANAGEMENT_PANEL 124957340931	1,505
dynamite	MANAGE_DYNAMITE_SETTINGS	DELEGATED_ADMIN	DYNAMITE 216932279217	20,698
dynamite	READ_DYNAMITE_SETTINGS	DELEGATED_ADMIN	DYNAMITE 216932279217	19,794
dynamite	MANAGE_DYNAMITE_SETTINGS	DOMAIN_ADMIN	DYNAMITE 216932279217	23,356
dynamite	READ_DYNAMITE_SETTINGS	DOMAIN_ADMIN	DYNAMITE 216932279217	4,253
dynamite	READ_DYNAMITE_SETTINGS	RESELLER	DYNAMITE 216932279217	897
dynamite	READ_DYNAMITE_SETTINGS	SUPPORT_USER	DYNAMITE 216932279217	3,005
email	APP_ADMIN	DELEGATED_ADMIN	CARIBOU 740348119625	2,189,643
email	ACCESS_EMAIL_LOG_SEARCH	DELEGATED_ADMIN	CARIBOU 740348119625	314,822
email	ACCESS_ADMIN_QUARANTINE	DELEGATED_ADMIN	CARIBOU 740348119625	72,235
email	ACCESS_RESTRICTED_QUARANTINE	DELEGATED_ADMIN	CARIBOU 740348119625	64,703
email	APP_ADMIN	DOMAIN_ADMIN	CARIBOU 740348119625	184,042,509
email	ACCESS_EMAIL_LOG_SEARCH	DOMAIN_ADMIN	CARIBOU 740348119625	6,780,341
email	ACCESS_ADMIN_QUARANTINE	DOMAIN_ADMIN	CARIBOU 740348119625	474,638
email	ACCESS_RESTRICTED_QUARANTINE	DOMAIN_ADMIN	CARIBOU 740348119625	474,488
email	APP_ADMIN	RESELLER	CARIBOU 740348119625	85,778
email	APP_ADMIN	ROBOT_ACCOUNT	CARIBOU 740348119625	253
email	APP_ADMIN	SUPPORT_USER	CARIBOU 740348119625	108,171
g_suite_incident_center	APPS_INCIDENTS_READONLY	DOMAIN_ADMIN	G_SUITE_INCIDENT_CENTER 1075607618089	3,124
g_suite_incident_center	APPS_INCIDENTS_FULL_ACCESS	DOMAIN_ADMIN	G_SUITE_INCIDENT_CENTER 1075607618089	23
g_suite_incident_center	APPS_INCIDENTS_FULL_ACCESS	ROBOT_ACCOUNT	G_SUITE_INCIDENT_CENTER 1075607618089	53
hangouts	MANAGE_HANGOUTS_SERVICE_WITHOUT_CALENDAR	DELEGATED_ADMIN	GVC 698697560117	241,876
hangouts	MANAGE_HANGOUTS_SERVICE	DELEGATED_ADMIN	GVC 698697560117	78,583
hangouts	MANAGE_HANGOUTS_SERVICE_WITHOUT_CALENDAR	DOMAIN_ADMIN	GVC 698697560117	59,450
hangouts	MANAGE_HANGOUTS_SERVICE_WITHOUT_CALENDAR	RESELLER	GVC 698697560117	3,067
hangouts	MANAGE_HANGOUTS_SERVICE_WITHOUT_CALENDAR	ROBOT_ACCOUNT	GVC 698697560117	427,048
hangouts	MANAGE_HANGOUTS_SERVICE_WITHOUT_CALENDAR	SUPPORT_USER	GVC 698697560117	8,357
idaas_logo	LOGO_UPDATE	DOMAIN_ADMIN	IDAAS_LOGO 179578488674	10
idaas_logo	LOGO_RETRIEVE	DOMAIN_ADMIN	IDAAS_LOGO 179578488674	5
jamboard	MANAGE_JAMBOARDS	DELEGATED_ADMIN	JAMBOARD_MANAGEMENT 316902019470	360,751
jamboard	MANAGE_JAMBOARDS	DOMAIN_ADMIN	JAMBOARD_MANAGEMENT 316902019470	472,075
migrate	MIGRATE_ACCESS_DEPLOYMENT	DELEGATED_ADMIN	MIGRATE 409725982512	1,757
migrate	MIGRATE_MANAGE_DEPLOYMENT	DELEGATED_ADMIN	MIGRATE 409725982512	1,652
migrate	MIGRATE_MANAGE_DEPLOYMENT	DOMAIN_ADMIN	MIGRATE 409725982512	11,627
migrate	MIGRATE_ACCESS_DEPLOYMENT	DOMAIN_ADMIN	MIGRATE 409725982512	11,608
mobile	APP_ADMIN	DELEGATED_ADMIN	MOBILE_SYNC_SERVER 724141353720	3,370,001
mobile	EMM_COEXISTENCE	DELEGATED_ADMIN	MOBILE_SYNC_SERVER 724141353720	7,336
mobile	APP_ADMIN	DOMAIN_ADMIN	MOBILE_SYNC_SERVER 724141353720	18,897,510
mobile	EMM_COEXISTENCE	DOMAIN_ADMIN	MOBILE_SYNC_SERVER 724141353720	1,351,495
mobile	APP_ADMIN	RESELLER	MOBILE_SYNC_SERVER 724141353720	179,061
mobile	APP_ADMIN	ROBOT_ACCOUNT	MOBILE_SYNC_SERVER 724141353720	373,821,403
mobile	APP_ADMIN	SUPPORT_USER	MOBILE_SYNC_SERVER 724141353720	321,364
play_for_work	MANAGE_PLAY_FOR_WORK	DELEGATED_ADMIN	PLAY_FOR_WORK 51931466198	119,562,675
play_for_work	MANAGE_PLAY_FOR_WORK_STORE	DELEGATED_ADMIN	PLAY_FOR_WORK 51931466198	463,518
play_for_work	MANAGE_ENTERPRISE_PRIVATE_APPS	DELEGATED_ADMIN	PLAY_FOR_WORK 51931466198	685
play_for_work	PLAY_FOR_WORK_TOKEN_READONLY	DELEGATED_ADMIN	PLAY_FOR_WORK 51931466198	636
play_for_work	MANAGE_EXTERNALLY_HOSTED_APK_UPLOAD_IN_PLAY	DELEGATED_ADMIN	PLAY_FOR_WORK 51931466198	529
play_for_work	MANAGE_PLAY_FOR_WORK_STORE	DOMAIN_ADMIN	PLAY_FOR_WORK 51931466198	741,574
play_for_work	PLAY_FOR_WORK_TOKEN_READONLY	DOMAIN_ADMIN	PLAY_FOR_WORK 51931466198	441,638
play_for_work	MANAGE_EXTERNALLY_HOSTED_APK_UPLOAD_IN_PLAY	DOMAIN_ADMIN	PLAY_FOR_WORK 51931466198	199,079
play_for_work	MANAGE_ENTERPRISE_PRIVATE_APPS	DOMAIN_ADMIN	PLAY_FOR_WORK 51931466198	199,070
play_for_work	APP_ADMIN	DOMAIN_ADMIN	PLAY_FOR_WORK 51931466198	24,756
play_for_work	MANAGE_PLAY_FOR_WORK	DOMAIN_ADMIN	PLAY_FOR_WORK 51931466198	5,456
play_for_work	PLAY_FOR_WORK_TOKEN	DOMAIN_ADMIN	PLAY_FOR_WORK 51931466198	2,856
play_for_work	API_APPS_PLAY_FOR_WORK_ENROLLMENT	DOMAIN_ADMIN	PLAY_FOR_WORK 51931466198	197
play_for_work	API_APPS_PLAY_FOR_WORK_ENROLLMENT_READONLY	ROBOT_ACCOUNT	PLAY_FOR_WORK 51931466198	72,872,020
play_for_work	PLAY_FOR_WORK_TOKEN_READONLY	SUPPORT_USER	PLAY_FOR_WORK 51931466198	11,770
reseller	VIEW_RESOLD_CUSTOMER	DELEGATED_ADMIN	RESELLER 623759861678	3,051,097
reseller	EDIT_RESOLD_CUSTOMER	DELEGATED_ADMIN	RESELLER 623759861678	3,032,405
reseller	MANAGE_RESOLD_CUSTOMER_ADMIN_TOOLS	DELEGATED_ADMIN	RESELLER 623759861678	3,025,683
reseller	ADD_RESOLD_CUSTOMER	DELEGATED_ADMIN	RESELLER 623759861678	2,996,465
reseller	DELETE_RESOLD_CUSTOMER	DELEGATED_ADMIN	RESELLER 623759861678	2,946,744
reseller	MANAGE_RESELLER_TOOLS	DELEGATED_ADMIN	RESELLER 623759861678	567,062
reseller	VIEW_PROFILE	DELEGATED_ADMIN	RESELLER 623759861678	127,758
reseller	BILLING	DELEGATED_ADMIN	RESELLER 623759861678	127,040
reseller	DEPLOYMENT	DELEGATED_ADMIN	RESELLER 623759861678	123,783
reseller	EDIT_PROFILE	DELEGATED_ADMIN	RESELLER 623759861678	120,886
reseller	EDIT_RESOLD_CUSTOMER	DOMAIN_ADMIN	RESELLER 623759861678	8,221,528
reseller	ADD_RESOLD_CUSTOMER	DOMAIN_ADMIN	RESELLER 623759861678	8,128,380
reseller	DELETE_RESOLD_CUSTOMER	DOMAIN_ADMIN	RESELLER 623759861678	7,993,588
reseller	MANAGE_RESOLD_CUSTOMER_ADMIN_TOOLS	DOMAIN_ADMIN	RESELLER 623759861678	7,983,738
reseller	VIEW_RESOLD_CUSTOMER	DOMAIN_ADMIN	RESELLER 623759861678	7,975,133
reseller	MANAGE_RESELLER_TOOLS	DOMAIN_ADMIN	RESELLER 623759861678	2,565,875
reseller	BILLING	DOMAIN_ADMIN	RESELLER 623759861678	524,405
reseller	DEPLOYMENT	DOMAIN_ADMIN	RESELLER 623759861678	504,445
reseller	EDIT_PROFILE	DOMAIN_ADMIN	RESELLER 623759861678	503,991
reseller	VIEW_PROFILE	DOMAIN_ADMIN	RESELLER 623759861678	503,952
reseller	SUPER_ADMIN	DOMAIN_ADMIN	RESELLER 623759861678	159
reseller	VIEW_RESOLD_CUSTOMER	ROBOT_ACCOUNT	RESELLER 623759861678	3,835
reseller	MANAGE_RESELLER_TOOLS	ROBOT_ACCOUNT	RESELLER 623759861678	1,798
reseller	PROVISION_RESELLER	ROBOT_ACCOUNT	RESELLER 623759861678	68
reseller	MANAGE_RESELLER_TOOLS	SUPPORT_USER	RESELLER 623759861678	22,102
rugby	MANAGE_TEAM	DELEGATED_ADMIN	RUGBY 121552927601	516,309
rugby	READ_TEAM	DELEGATED_ADMIN	RUGBY 121552927601	288,797
rugby	TOGGLE_SERVICE_ON_OFF	DELEGATED_ADMIN	RUGBY 121552927601	1,144
rugby	VERIFY_TEAM_USER	DELEGATED_ADMIN	RUGBY 121552927601	27
rugby	TOGGLE_SERVICE_ON_OFF	DOMAIN_ADMIN	RUGBY 121552927601	6,010,848
rugby	READ_TEAM	ROBOT_ACCOUNT	RUGBY 121552927601	1,623,198
rugby	REFRESH_DEFAULT_TEAM_POLICIES	ROBOT_ACCOUNT	RUGBY 121552927601	27,065
rugby	MANAGE_TEAM	ROBOT_ACCOUNT	RUGBY 121552927601	3,742
rugby	CREATE_TEAM	ROBOT_ACCOUNT	RUGBY 121552927601	623
rugby	DOMAIN_TAKEOVER	ROBOT_ACCOUNT	RUGBY 121552927601	483
rugby	TEAMS_DOMAIN_DELETE	ROBOT_ACCOUNT	RUGBY 121552927601	62
rugby	VERIFY_TEAM_USER	ROBOT_ACCOUNT	RUGBY 121552927601	1
security_investigation_tool	DRIVE_VIEW_METADATA	DELEGATED_ADMIN	SECURITY_INVESTIGATION_TOOL 612571299231	56,166
security_investigation_tool	GMAIL_VIEW_METADATA	DELEGATED_ADMIN	SECURITY_INVESTIGATION_TOOL 612571299231	13,039
security_investigation_tool	DRIVE_UPDATE_DELETE	DELEGATED_ADMIN	SECURITY_INVESTIGATION_TOOL 612571299231	8,357
security_investigation_tool	MOBILE_VIEW_METADATA	DELEGATED_ADMIN	SECURITY_INVESTIGATION_TOOL 612571299231	6,313
security_investigation_tool	USER_ACCOUNT_VIEW_METADATA	DELEGATED_ADMIN	SECURITY_INVESTIGATION_TOOL 612571299231	2,648
security_investigation_tool	GMAIL_UPDATE_DELETE	DELEGATED_ADMIN	SECURITY_INVESTIGATION_TOOL 612571299231	682
security_investigation_tool	USER_ACCOUNT_UPDATE_DELETE	DELEGATED_ADMIN	SECURITY_INVESTIGATION_TOOL 612571299231	88
security_investigation_tool	MOBILE_UPDATE_DELETE	DELEGATED_ADMIN	SECURITY_INVESTIGATION_TOOL 612571299231	52
security_investigation_tool	DRIVE_VIEW_METADATA	DOMAIN_ADMIN	SECURITY_INVESTIGATION_TOOL 612571299231	617,096
security_investigation_tool	MOBILE_VIEW_METADATA	DOMAIN_ADMIN	SECURITY_INVESTIGATION_TOOL 612571299231	420,075
security_investigation_tool	DRIVE_UPDATE_DELETE	DOMAIN_ADMIN	SECURITY_INVESTIGATION_TOOL 612571299231	393,492
security_investigation_tool	GMAIL_VIEW_METADATA	DOMAIN_ADMIN	SECURITY_INVESTIGATION_TOOL 612571299231	336,425
security_investigation_tool	USER_ACCOUNT_VIEW_METADATA	DOMAIN_ADMIN	SECURITY_INVESTIGATION_TOOL 612571299231	125,826
security_investigation_tool	GMAIL_UPDATE_DELETE	DOMAIN_ADMIN	SECURITY_INVESTIGATION_TOOL 612571299231	32,652
security_investigation_tool	MOBILE_UPDATE_DELETE	DOMAIN_ADMIN	SECURITY_INVESTIGATION_TOOL 612571299231	4,282
security_investigation_tool	USER_ACCOUNT_UPDATE_DELETE	DOMAIN_ADMIN	SECURITY_INVESTIGATION_TOOL 612571299231	2,856
takeout	APP_ADMIN	DELEGATED_ADMIN	TAKEOUT 850805570439	195
takeout	APP_ADMIN	DOMAIN_ADMIN	TAKEOUT 850805570439	547
topaz	TOPAZ_INDEXING_ADMIN_PRIVILEGE	DELEGATED_ADMIN	TOPAZ 540457639779	7,795
topaz	TOPAZ_INDEXING_READONLY_PRIVILEGE	DELEGATED_ADMIN	TOPAZ 540457639779	794
topaz	APP_ADMIN	DELEGATED_ADMIN	TOPAZ 540457639779	783
topaz	TOPAZ_INDEXING_ADMIN_PRIVILEGE	DOMAIN_ADMIN	TOPAZ 540457639779	152,050
topaz	TOPAZ_INDEXING_READONLY_PRIVILEGE	DOMAIN_ADMIN	TOPAZ 540457639779	29,800
udm	UDM_NETWORK_ADMIN	DELEGATED_ADMIN	UDM 366449973397	1,619,854
udm	UDM_NETWORK_ADMIN	DOMAIN_ADMIN	UDM 366449973397	6,292
udm	UDM_NETWORK_ADMIN	RESELLER	UDM 366449973397	336,006
udm	UDM_NETWORK_ADMIN	ROBOT_ACCOUNT	UDM 366449973397	59
udm	UDM_NETWORK_ADMIN	SUPPORT_USER	UDM 366449973397	4,690
youtube	APP_ADMIN	DELEGATED_ADMIN	YOUTUBE 505551310581	130,267
youtube	APP_ADMIN	DOMAIN_ADMIN	YOUTUBE 505551310581	106,576
youtube	APP_ADMIN	RESELLER	YOUTUBE 505551310581	2,504
youtube	APP_ADMIN	SUPPORT_USER	YOUTUBE 505551310581	6,465
	DRIVE_DASHBOARD_ACCESS	DELEGATED_ADMIN	SECURITY_CENTER 521798952854	876,704
	OAUTH_DASHBOARD_ACCESS	DELEGATED_ADMIN	SECURITY_CENTER 521798952854	609,279
	DASHBOARD_ACCESS	DELEGATED_ADMIN	SECURITY_CENTER 521798952854	493,790
	SECURITY_HEALTH_DASHBOARD_ACCESS	DELEGATED_ADMIN	SECURITY_CENTER 521798952854	212,273
	MANAGE_SEARCHES	DELEGATED_ADMIN	LEGAL_DISCOVERY 477919301060	189,464
	LOGIN_DASHBOARD_ACCESS	DELEGATED_ADMIN	SECURITY_CENTER 521798952854	114,103
	MOBILE_DASHBOARD_ACCESS	DELEGATED_ADMIN	SECURITY_CENTER 521798952854	49,604
	APP_ADMIN	DELEGATED_ADMIN	JOTSPOT 142495531730	11,413
	GPLUS_SQUARE_BATCH_ADD	DELEGATED_ADMIN	GOOGLE_ME 553547912911	11,001
	ADMIN_QUALITY_DASHBOARD_ACCESS	DELEGATED_ADMIN	BUZZ 913471609310	3,825
	APP_ADMIN	DELEGATED_ADMIN	BUZZ 913471609310	1,539
	REMOVE_HOLD	DELEGATED_ADMIN	LEGAL_DISCOVERY 477919301060	997
	VIEW_USERS	DELEGATED_ADMIN	GRANDCENTRAL 28044358059	152
	VIEW_RETENTION_POLICY	DELEGATED_ADMIN	LEGAL_DISCOVERY 477919301060	112
	ASSIGN_PHONE_NUMBERS	DELEGATED_ADMIN	GRANDCENTRAL 28044358059	36
	MANAGE_RETENTION_POLICY	DELEGATED_ADMIN	LEGAL_DISCOVERY 477919301060	14
	ACCESS_TEAM_STATS	DELEGATED_ADMIN	917554582948	3
	OAUTH_DASHBOARD_ACCESS	DOMAIN_ADMIN	SECURITY_CENTER 521798952854	156,825,844
	DRIVE_DASHBOARD_ACCESS	DOMAIN_ADMIN	SECURITY_CENTER 521798952854	95,738,841
	MANAGE_KIOSK_DEVICES	DOMAIN_ADMIN	CHROME_KIOSK 108583854672	39,604,114
	DASHBOARD_ACCESS	DOMAIN_ADMIN	SECURITY_CENTER 521798952854	29,144,369
	SECURITY_HEALTH_DASHBOARD_ACCESS	DOMAIN_ADMIN	SECURITY_CENTER 521798952854	28,777,113
	LOGIN_DASHBOARD_ACCESS	DOMAIN_ADMIN	SECURITY_CENTER 521798952854	14,689,369
	APP_ADMIN	DOMAIN_ADMIN	GRANDCENTRAL 28044358059	5,950,004
	_GOOGLE_VOICE_ADMIN_ROLE	DOMAIN_ADMIN	GRANDCENTRAL 28044358059	5,949,878
	MOBILE_DASHBOARD_ACCESS	DOMAIN_ADMIN	SECURITY_CENTER 521798952854	3,147,664
	APP_ADMIN	DOMAIN_ADMIN	GOOGLE_ME 553547912911	518,768
	GPLUS_SQUARE_BATCH_ADD	DOMAIN_ADMIN	GOOGLE_ME 553547912911	230,171
	MANAGE_SEARCHES	DOMAIN_ADMIN	LEGAL_DISCOVERY 477919301060	185,062
	APP_ADMIN	DOMAIN_ADMIN	JOTSPOT 142495531730	36,422
	VIEW_USERS	DOMAIN_ADMIN	GRANDCENTRAL 28044358059	20,818
	APP_ADMIN	DOMAIN_ADMIN	BUZZ 913471609310	18,754
	ASSIGN_PHONE_NUMBERS	DOMAIN_ADMIN	GRANDCENTRAL 28044358059	12,308
	REMOVE_HOLD	DOMAIN_ADMIN	LEGAL_DISCOVERY 477919301060	11,901
	APP_ADMIN	DOMAIN_ADMIN	APP_MAKER 430778118391	10,983
	ADMIN_QUALITY_DASHBOARD_ACCESS	DOMAIN_ADMIN	BUZZ 913471609310	4,714
	MANAGE_RETENTION_POLICY	DOMAIN_ADMIN	LEGAL_DISCOVERY 477919301060	740
	ACCESS_TEAM_STATS	DOMAIN_ADMIN	917554582948	2
	APP_ADMIN	DOMAIN_ADMIN	GROUPS_RELOADED 864450622151	2
	APP_ADMIN	RESELLER	GOOGLE_ME 553547912911	4,172
	APP_ADMIN	RESELLER	APP_MAKER 430778118391	344
	APP_ADMIN	RESELLER	BUZZ 913471609310	146
	APP_ADMIN	ROBOT_ACCOUNT	NUCLEUS 18415224489	20,899
	REMOVE_HOLD	ROBOT_ACCOUNT	LEGAL_DISCOVERY 477919301060	10,802
	APP_ADMIN	ROBOT_ACCOUNT	GROUPS_RELOADED 864450622151	474
	MANAGE_RETENTION_POLICY	ROBOT_ACCOUNT	LEGAL_DISCOVERY 477919301060	316
	VIEW_RETENTION_POLICY	ROBOT_ACCOUNT	LEGAL_DISCOVERY 477919301060	316
	APP_ADMIN	SUPPORT_USER	GOOGLE_ME 553547912911	8,609
	APP_ADMIN	SUPPORT_USER	APP_MAKER 430778118391	451
	APP_ADMIN	SUPPORT_USER	BUZZ 913471609310	435